participant_id,channel,Autistic,mean,variance,rms,hjorth_activity,hjorth_mobility,hjorth_complexity,skewness,kurtosis,peak_to_peak,delta_power,theta_power,alpha_power,beta_power,spectral_entropy
P38,0,0,8.886247983984408e-09,2.0400559604041632e-11,4.516706606527024e-06,2.0400559604041632e-11,0.1820176789752809,0.3297874687029887,-0.04451142646571794,-0.4024466249505947,3.2762857667376866e-05,1.0522880636981166e-11,3.674608251342843e-12,1.4113555549326143e-11,1.0235760367892555e-11,3.932685811958192
P38,1,0,1.2698717324442865e-08,2.2858136312391527e-11,4.781035198554097e-06,2.2858136312391527e-11,0.18460866955181338,0.3417185554046931,-0.10960814454950699,-0.3439224395243281,3.5756060553707e-05,1.0541251049040879e-11,3.87169180668363e-12,1.6904334110627644e-11,1.216776853302048e-11,3.911720629723299
P38,2,0,6.170662924305705e-09,1.440319719304663e-11,3.7951594525299665e-06,1.440319719304663e-11,0.1624947547777029,0.28867215333564744,-0.14310334781349446,-0.3602252164556199,2.9490730367945902e-05,6.0761529106392275e-12,2.047391941895617e-12,1.5361563787361472e-11,4.5671586598692475e-12,3.3718277170506563
P38,3,0,9.023397635558864e-08,3.185777305309433e-11,5.644990276659763e-06,3.185777305309433e-11,0.20744069479100483,0.4282032040953315,-0.14167697868151244,-0.47326637168914987,3.6566480170625865e-05,7.225948348866594e-12,3.5625027463531148e-12,3.082494649931026e-11,1.7784395138230976e-11,3.7931552575295107
P38,4,0,1.0457038589682297e-07,3.3275431802933305e-11,5.7694338343151055e-06,3.3275431802933305e-11,0.19125997871078038,0.4186884317288542,-0.19122722750279667,-0.5687481389577642,3.512879969061475e-05,6.284004540564137e-12,2.6774748949094864e-12,4.0789249406606377e-11,1.369266382133705e-11,3.258938614635478
P38,5,0,5.6478266609716514e-08,3.4295168042113545e-11,5.856479986878874e-06,3.4295168042113545e-11,0.2055661803370635,0.47499596893852575,-0.18301122318355084,-0.4744814517026401,3.749427552393795e-05,6.874723972513986e-12,3.5628205431500187e-12,3.62454556312021e-11,1.7731531115563343e-11,3.63268264494402
P38,6,0,1.203355726501765e-07,3.7708813579895936e-11,6.141929194474728e-06,3.7708813579895936e-11,0.24020501480259468,0.6280969123618374,-0.22352622700191543,-0.4774748282380399,3.783723631028407e-05,4.697125508823912e-12,2.5053492100649285e-12,4.2401217497455055e-11,1.8076265452919102e-11,3.49185331204021
